StationKey,Station_Name,Address,City,State_Province,Zip_Postal_Code
1,BOULDER / JUNCTION ST1,2280 Junction Pl,Boulder,Colorado,80301
2,BOULDER / ALPINE ST1,1275 Alpine Ave,Boulder,Colorado,80304
3,BOULDER / BASELINE ST1,900 Baseline Rd,Boulder,Colorado,80302
4,BOULDER / FACILITIES ST1,1745 14th street,Boulder,Colorado,80302
5,COMM VITALITY / 1500PEARL2,1500 Pearl St,Boulder,Colorado,80302
6,BOULDER / ATRIUM ST1,1770 13th St,Boulder,Colorado,80302
7,BOULDER / REC CENTER ST2,1360 Gillaspie Dr,Boulder,Colorado,80305
8,COMM VITALITY / 1000WALNUT2,900 Walnut St,Boulder,Colorado,80302
9,BOULDER / REC CENTER ST1,1360 Gillaspie Dr,Boulder,Colorado,80305
10,COMM VITALITY / 1500PEARL1,1500 Pearl St,Boulder,Colorado,80302
11,COMM VITALITY / 1104 SPRUCE1,1100 Spruce St,Boulder,Colorado,80302
12,COMM VITALITY / 1000WALNUT1,900 Walnut St,Boulder,Colorado,80302
13,COMM VITALITY / 1400 WALNUT1,1400 Walnut St,Boulder,Colorado,80302
14,BOULDER / ANNEX ST1,7315 Red Deer Dr,Boulder,Colorado,80301
15,COMM VITALITY / BOULDER JCTN,2052 Junction Pl,Boulder,Colorado,80301
16,COMM VITALITY / 1100WALNUT1,1100 Walnut,Boulder,Colorado,80302
17,BOULDER / BOULDER PARK S2,1739 Broadway,Boulder,Colorado,80302
18,BOULDER / N BOULDER REC 1,3172 Broadway,Boulder,Colorado,80304
19,BOULDER / BOULDER PARK S1,1739 Broadway,Boulder,Colorado,80302
20,COMM VITALITY / 2200 BROADWAY1,2150 13th St,Boulder,Colorado,80302
21,BOULDER / EAST REC,5660 Sioux Dr,Boulder,Colorado,80303
22,BOULDERJUNCTION / JUNCTION ST1,2280 Junction Pl,Boulder,Colorado,80301
23,BOULDER / RESERVOIR ST1,5565 51st St,Boulder,Colorado,80301
24,BOULDER / RESERVOIR ST2,5565 51st St,Boulder,Colorado,80301
25,BOULDER / CARPENTER PARK1,1505 30th St,Boulder,Colorado,80303
26,BOULDER / CARPENTER PARK2,1505 30th St,Boulder,Colorado,80303
27,BOULDER / AIRPORT ST1,3335 Airport Rd,Boulder,Colorado,80301
28,COMM VITALITY / 5050 PEARL 1,5050 Pearl St,Boulder,Colorado,80301
29,BOULDER / VALMONT ST2,5333 Valmont Rd,Boulder,Colorado,80301
30,BOULDER / VALMONT ST1,5333 Valmont Rd,Boulder,Colorado,80301
31,BOULDER / OSMP FLEET 2,2520 55th St,Boulder,Colorado,80301
32,BOULDER / OSMP FLEET 1,2520 55th St,Boulder,Colorado,80301
33,MUNICIPAL SC / 1500PEARL2,1500 Pearl St,Boulder,Colorado,80302
34,MUNICIPAL SC / 1000WALNUT1,900 Walnut St,Boulder,Colorado,80302
35,MUNICIPAL SC / 1100WALNUT1,1100 Walnut,Boulder,Colorado,80302
36,MUNICIPAL SC / 1104 SPRUCE1,1100 Spruce St,Boulder,Colorado,80302
37,MUNICIPAL SC / 1400 WALNUT1,1400 Walnut St,Boulder,Colorado,80302
38,MUNICIPAL SC / 1000WALNUT2,900 Walnut St,Boulder,Colorado,80302
39,MUNICIPAL SC / 2200 BROADWAY1,2240 Broadway,Boulder,Colorado,80302
40,MUNICIPAL SC / 1500PEARL1,1500 Pearl St,Boulder,Colorado,80302
41,BOULDER / FLT MNT E1,5064 Pearl St,Boulder,Colorado,80301
42,BOULDER / FLT MNT E2,5064 Pearl St,Boulder,Colorado,80301
43,BOULDER / FLT MNT E4,5064 Pearl St,Boulder,Colorado,80301
44,BOULDER / FLT MNT E6,5064 Pearl St,Boulder,Colorado,80301
45,BOULDER / FLT MNT E5,5064 Pearl St,Boulder,Colorado,80301
46,BOULDER / FLT MNT E3,5064 Pearl St,Boulder,Colorado,80301
47,BOULDER / FLT MNT E8,5064 Pearl St,Boulder,Colorado,80301
48,BOULDER / FLT MNT E7,5064 Pearl St,Boulder,Colorado,80301
49,BOULDER / MSC E2,5050 Pearl St,Boulder,Colorado,80301
50,BOULDER / MSC E1,5050 Pearl St,Boulder,Colorado,80301
